{"_wandb": {"runtime": 243}, "videos/eval_video": {"_type": "video-file", "sha256": "559b4141878aeedfcc655d7d35d3cb15932e2aa2431ac11936fc7f4f455d186a", "size": 966225, "path": "media/videos/videos/eval_video_0_559b4141878aeedfcc65.mp4", "width": 384, "height": 384}, "_timestamp": 1720503308.0743885, "_runtime": 42.972495555877686, "_step": 0}