{"_wandb": {"runtime": 113}, "videos/eval_video": {"_type": "video-file", "sha256": "711e38efbde84c92b83a8c4e9d8b47d0cf3071569d80ffd69f1f12ce7b57281f", "size": 965720, "path": "media/videos/videos/eval_video_0_711e38efbde84c92b83a.mp4", "width": 384, "height": 384}, "_timestamp": 1720503566.5805418, "_runtime": 42.012980937957764, "_step": 0}