{"videos/eval_video": {"_type": "video-file", "sha256": "bebe23a13ee2a640fee8734a5bec2d8a227b577dbc005808ef2a5970b281e88d", "size": 964228, "path": "media/videos/videos/eval_video_0_bebe23a13ee2a640fee8.mp4", "width": 384, "height": 384}, "_timestamp": 1720556803.8999162, "eval/episode_reward": 6.378451824188232, "eval/episode_success": 0.0, "eval/step": 0, "eval/episode": 0, "eval/total_time": 341.5861279964447, "_runtime": 2385.745278120041, "_step": 17500, "train/episode_reward": 6.895676612854004, "train/episode_success": 0.0, "train/step": 17500, "train/episode": 34, "train/total_time": 2378.199982881546, "train/consistency_loss": 0.0027057507541030645, "train/reward_loss": 0.06843802332878113, "train/value_loss": 0.2237086445093155, "train/pi_loss": -11.446098327636719, "train/total_loss": 0.0833296850323677, "train/grad_norm": 0.1950962394475937, "train/pi_scale": 1.1855382919311523, "_wandb": {"runtime": 2429}}