{"_wandb": {"runtime": 44}, "videos/eval_video": {"_type": "video-file", "sha256": "f2813e8b769b32e6943f14b801b40b95f26a124f44348f22c2d9d3eba0cac44e", "size": 965066, "path": "media/videos/videos/eval_video_0_f2813e8b769b32e6943f.mp4", "width": 384, "height": 384}, "_timestamp": 1720503246.567321, "_runtime": 42.08065414428711, "_step": 0}